{"mem_reserved_MB":1954.545664,"mem_allocated_MB":896.791552,"learning_rate":4.643816640484131e-05,"_wandb":{"runtime":4},"grad_norm":0,"step":85,"_timestamp":1.7654702955014899e+09,"mem_peak_MB":1601.396224,"loss":0,"_step":85,"_runtime":4}