{"_wandb":{"runtime":12},"_step":366,"mem_allocated_MB":897.60256,"learning_rate":8.232860586582e-06,"_timestamp":1.7654706449314334e+09,"mem_peak_MB":1601.396224,"grad_norm":0,"_runtime":12,"mem_reserved_MB":1954.545664,"step":366,"loss":0}