{"_runtime":9,"learning_rate":1.4927339107158423e-05,"_wandb":{"runtime":9},"step":315,"mem_peak_MB":1624.930816,"grad_norm":0,"mem_allocated_MB":933.60128,"_step":315,"mem_reserved_MB":1868.562432,"_timestamp":1.7654710165559683e+09,"loss":0}