{"mem_reserved_MB":23542.628352,"step":999,"_runtime":362,"mem_peak_MB":20902.938112,"_wandb":{"runtime":362},"grad_norm":39.2205924987793,"learning_rate":3e-05,"mem_allocated_MB":16715.820544,"_step":999,"loss":17.629581451416016,"_timestamp":1.765474915282476e+09}