{"step":273,"learning_rate":2.1244360271981066e-05,"loss":14.98261547088623,"grad_norm":5.285994052886963,"mem_reserved_MB":1868.562432,"_timestamp":1.7654722488324034e+09,"_wandb":{"runtime":11},"_runtime":11,"_step":273,"mem_peak_MB":1624.930816,"mem_allocated_MB":933.60128}