{"step":43,"loss":0,"mem_peak_MB":1600.99072,"mem_reserved_MB":1954.545664,"_step":43,"_runtime":3,"mem_allocated_MB":897.60256,"learning_rate":4.9050691789652154e-05,"_timestamp":1.7654706082401423e+09,"grad_norm":0,"_wandb":{"runtime":3}}