{"_runtime":3,"_wandb":{"runtime":3},"step":54,"loss":0,"_timestamp":1.7654704700722597e+09,"grad_norm":0,"_step":54,"mem_peak_MB":1600.99072,"mem_reserved_MB":1954.545664,"mem_allocated_MB":896.791552,"learning_rate":4.852201922385564e-05}