{"mem_reserved_MB":23542.628352,"learning_rate":0,"_runtime":183,"_step":499,"mem_allocated_MB":16715.821056,"_wandb":{"runtime":183},"loss":14.068047523498535,"_timestamp":1.7654739999248922e+09,"mem_peak_MB":20902.938624,"step":499,"grad_norm":8.755193710327148}