{"_wandb":{"runtime":2},"learning_rate":4.952726293608336e-05,"loss":0,"_runtime":2,"mem_allocated_MB":932.790272,"_step":30,"step":30,"mem_peak_MB":1624.930816,"_timestamp":1.7654710648996694e+09,"grad_norm":0,"mem_reserved_MB":1868.562432}